date,symbol,total_gamma,raw_label,source_url
2025-08-27,SPX,24989529377,"$24,989,529,377.49",https://gflows.up.railway.app
2025-08-27,SPX,28062699608,"$28,062,699,608.66",https://gflows.up.railway.app
2025-08-27,SPX,28062699608,"$28,062,699,608.66",https://gflows.up.railway.app
2025-08-28,SPX,20309051921,"$20,309,051,921.95",https://gflows.up.railway.app
2025-08-28,SPX,22442888550,"$22,442,888,550.70",https://gflows.up.railway.app
2025-08-28,SPX,24623870937,"$24,623,870,937.70",https://gflows.up.railway.app
2025-08-28,SPX,8534157200,"$8,534,157,200.42",https://gflows.up.railway.app
2025-08-28,SPX,15184969617,"$15,184,969,617.57",https://gflows.up.railway.app
2025-08-28,SPX,18366261117,"$18,366,261,117.31",https://gflows.up.railway.app
2025-08-29,SPX,12703844072,"$12,703,844,072.60",https://gflows.up.railway.app
2025-08-29,SPX,12404098984,"$12,404,098,984.00",https://gflows.up.railway.app
2025-08-29,SPX,10923130754,"$10,923,130,754.33",https://gflows.up.railway.app
2025-08-29,SPX,1324805218,"$1,324,805,218.24",https://gflows.up.railway.app
2025-08-29,SPX,-3901208503,"$-3,901,208,503.18",https://gflows.up.railway.app
2025-08-29,SPX,-4252126749,"$-4,252,126,749.84",https://gflows.up.railway.app
2025-09-01,SPX,8310873905,"$8,310,873,905.19",https://gflows.up.railway.app
2025-09-01,SPX,11144356104,"$11,144,356,104.83",https://gflows.up.railway.app
2025-09-01,SPX,11144356104,"$11,144,356,104.83",https://gflows.up.railway.app
2025-09-01,SPX,13227932082,"$13,227,932,082.30",https://gflows.up.railway.app
2025-09-01,SPX,13573226246,"$13,573,226,246.42",https://gflows.up.railway.app
2025-09-01,SPX,13883968039,"$13,883,968,039.90",https://gflows.up.railway.app
2025-09-02,SPX,-31128789539,"$-31,128,789,539.08",https://gflows.up.railway.app
2025-09-02,SPX,-30372699368,"$-30,372,699,368.94",https://gflows.up.railway.app
2025-09-02,SPX,-30372699368,"$-30,372,699,368.94",https://gflows.up.railway.app
2025-09-02,SPX,-25056429344,"$-25,056,429,344.32",https://gflows.up.railway.app
2025-09-02,SPX,-25579188703,"$-25,579,188,703.35",https://gflows.up.railway.app
2025-09-02,SPX,-25459237294,"$-25,459,237,294.94",https://gflows.up.railway.app
2025-09-03,SPX,19100650158,"$19,100,650,158.46",https://gflows.up.railway.app
2025-09-03,SPX,23382432780,"$23,382,432,780.27",https://gflows.up.railway.app
2025-09-03,SPX,20773518229,"$20,773,518,229.26",https://gflows.up.railway.app
2025-09-03,SPX,16929650350,"$16,929,650,350.82",https://gflows.up.railway.app
2025-09-03,SPX,16836941564,"$16,836,941,564.41",https://gflows.up.railway.app
2025-09-03,SPX,24811852547,"$24,811,852,547.90",https://gflows.up.railway.app
2025-09-04,SPX,30582288050,"$30,582,288,050.93",https://gflows.up.railway.app
2025-09-04,SPX,29975672576,"$29,975,672,576.46",https://gflows.up.railway.app
2025-09-04,SPX,29975672576,"$29,975,672,576.46",https://gflows.up.railway.app
2025-09-04,SPX,42596527252,"$42,596,527,252.59",https://gflows.up.railway.app
2025-09-04,SPX,28733367152,"$28,733,367,152.71",https://gflows.up.railway.app
2025-09-04,SPX,40790681776,"$40,790,681,776.63",https://gflows.up.railway.app
2025-09-05,SPX,107602851641,"$107,602,851,641.23",https://gflows.up.railway.app
2025-09-05,SPX,115201334645,"$115,201,334,645.67",https://gflows.up.railway.app
2025-09-05,SPX,116744600193,"$116,744,600,193.09",https://gflows.up.railway.app
2025-09-05,SPX,107132437481,"$107,132,437,481.14",https://gflows.up.railway.app
2025-09-05,SPX,68462616782,"$68,462,616,782.52",https://gflows.up.railway.app
2025-09-05,SPX,6103596195,"$6,103,596,195.07",https://gflows.up.railway.app
2025-09-08,SPX,38739762521,"$38,739,762,521.39",https://gflows.up.railway.app
2025-09-08,SPX,36343942501,"$36,343,942,501.98",https://gflows.up.railway.app
2025-09-08,SPX,36343942501,"$36,343,942,501.98",https://gflows.up.railway.app
2025-09-08,SPX,38678502446,"$38,678,502,446.18",https://gflows.up.railway.app
2025-09-08,SPX,39526386196,"$39,526,386,196.61",https://gflows.up.railway.app
2025-09-08,SPX,45039593845,"$45,039,593,845.19",https://gflows.up.railway.app
2025-09-09,SPX,41063263156,"$41,063,263,156.54",https://gflows.up.railway.app
2025-09-09,SPX,35809549544,"$35,809,549,544.72",https://gflows.up.railway.app
2025-09-09,SPX,35809549544,"$35,809,549,544.72",https://gflows.up.railway.app
2025-09-09,SPX,36582593892,"$36,582,593,892.49",https://gflows.up.railway.app
2025-09-09,SPX,41677035212,"$41,677,035,212.45",https://gflows.up.railway.app
2025-09-09,SPX,20415963971,"$20,415,963,971.83",https://gflows.up.railway.app
2025-09-10,SPX,73028915531,"$73,028,915,531.05",https://gflows.up.railway.app
2025-09-10,SPX,74013482231,"$74,013,482,231.87",https://gflows.up.railway.app
2025-09-10,SPX,65542870463,"$65,542,870,463.45",https://gflows.up.railway.app
2025-09-10,SPX,72975713712,"$72,975,713,712.58",https://gflows.up.railway.app
2025-09-10,SPX,80993442319,"$80,993,442,319.40",https://gflows.up.railway.app
2025-09-10,SPX,77935467871,"$77,935,467,871.38",https://gflows.up.railway.app
2025-09-11,SPX,56394229634,"$56,394,229,634.80",https://gflows.up.railway.app
2025-09-11,SPX,60997310454,"$60,997,310,454.78",https://gflows.up.railway.app
2025-09-11,SPX,60997310454,"$60,997,310,454.78",https://gflows.up.railway.app
2025-09-11,SPX,70608501239,"$70,608,501,239.34",https://gflows.up.railway.app
2025-09-11,SPX,71656710127,"$71,656,710,127.50",https://gflows.up.railway.app
2025-09-11,SPX,80984427940,"$80,984,427,940.36",https://gflows.up.railway.app
2025-09-12,SPX,68253840198,"$68,253,840,198.10",https://gflows.up.railway.app
2025-09-12,SPX,71200492191,"$71,200,492,191.18",https://gflows.up.railway.app
2025-09-12,SPX,69488786759,"$69,488,786,759.11",https://gflows.up.railway.app
2025-09-12,SPX,73107669711,"$73,107,669,711.89",https://gflows.up.railway.app
2025-09-12,SPX,69558983234,"$69,558,983,234.54",https://gflows.up.railway.app
2025-09-12,SPX,74432703896,"$74,432,703,896.09",https://gflows.up.railway.app
2025-09-15,SPX,67783013113,"$67,783,013,113.82",https://gflows.up.railway.app
2025-09-15,SPX,68202703624,"$68,202,703,624.22",https://gflows.up.railway.app
2025-09-15,SPX,72375553090,"$72,375,553,090.42",https://gflows.up.railway.app
2025-09-15,SPX,76366955616,"$76,366,955,616.97",https://gflows.up.railway.app
2025-09-15,SPX,73535426816,"$73,535,426,816.46",https://gflows.up.railway.app
2025-09-15,SPX,77984959366,"$77,984,959,366.21",https://gflows.up.railway.app
2025-09-16,SPX,54464330529,"$54,464,330,529.81",https://gflows.up.railway.app
2025-09-16,SPX,52121426372,"$52,121,426,372.03",https://gflows.up.railway.app
2025-09-16,SPX,53632941422,"$53,632,941,422.50",https://gflows.up.railway.app
2025-09-16,SPX,42028899645,"$42,028,899,645.26",https://gflows.up.railway.app
2025-09-16,SPX,36899889289,"$36,899,889,289.14",https://gflows.up.railway.app
2025-09-16,SPX,37347038227,"$37,347,038,227.07",https://gflows.up.railway.app
2025-09-17,SPX,29060779426,"$29,060,779,426.63",https://gflows.up.railway.app
2025-09-17,SPX,29181683553,"$29,181,683,553.60",https://gflows.up.railway.app
2025-09-17,SPX,31984951197,"$31,984,951,197.08",https://gflows.up.railway.app
2025-09-17,SPX,29936731989,"$29,936,731,989.23",https://gflows.up.railway.app
2025-09-17,SPX,26657035505,"$26,657,035,505.79",https://gflows.up.railway.app
2025-09-17,SPX,25996640924,"$25,996,640,924.68",https://gflows.up.railway.app
2025-09-18,SPX,54124189043,"$54,124,189,043.56",https://gflows.up.railway.app
2025-09-18,SPX,50163040987,"$50,163,040,987.20",https://gflows.up.railway.app
2025-09-18,SPX,48884437691,"$48,884,437,691.63",https://gflows.up.railway.app
2025-09-18,SPX,51608633819,"$51,608,633,819.89",https://gflows.up.railway.app
2025-09-18,SPX,59855706514,"$59,855,706,514.47",https://gflows.up.railway.app
2025-09-18,SPX,62039047328,"$62,039,047,328.56",https://gflows.up.railway.app
2025-09-19,SPX,53964560405,"$53,964,560,405.68",https://gflows.up.railway.app
2025-09-19,SPX,56849182870,"$56,849,182,870.34",https://gflows.up.railway.app
2025-09-19,SPX,30252541475,"$30,252,541,475.32",https://gflows.up.railway.app
2025-09-19,SPX,27808560468,"$27,808,560,468.61",https://gflows.up.railway.app
2025-09-19,SPX,29638736624,"$29,638,736,624.29",https://gflows.up.railway.app
2025-09-19,SPX,27956312379,"$27,956,312,379.18",https://gflows.up.railway.app
2025-09-22,SPX,8560166365,"$8,560,166,365.35",https://gflows.up.railway.app
2025-09-22,SPX,9435440334,"$9,435,440,334.98",https://gflows.up.railway.app
2025-09-22,SPX,12102148364,"$12,102,148,364.60",https://gflows.up.railway.app
2025-09-22,SPX,20247240870,"$20,247,240,870.76",https://gflows.up.railway.app
2025-09-22,SPX,20189225797,"$20,189,225,797.86",https://gflows.up.railway.app
2025-09-22,SPX,25374140375,"$25,374,140,375.82",https://gflows.up.railway.app
2025-09-23,SPX,39297570892,"$39,297,570,892.45",https://gflows.up.railway.app
2025-09-23,SPX,0,$0.00,https://gflows.up.railway.app
2025-09-23,SPX,40165224314,"$40,165,224,314.47",https://gflows.up.railway.app
2025-09-23,SPX,39202613705,"$39,202,613,705.53",https://gflows.up.railway.app
2025-09-23,SPX,42706263374,"$42,706,263,374.14",https://gflows.up.railway.app
2025-09-23,SPX,34118983421,"$34,118,983,421.94",https://gflows.up.railway.app
2025-09-24,SPX,12709063328,"$12,709,063,328.66",https://gflows.up.railway.app
2025-09-24,SPX,11036001715,"$11,036,001,715.96",https://gflows.up.railway.app
2025-09-24,SPX,11091054007,"$11,091,054,007.62",https://gflows.up.railway.app
2025-09-24,SPX,-4096479028,"$-4,096,479,028.44",https://gflows.up.railway.app
2025-09-24,SPX,-1419847136,"$-1,419,847,136.21",https://gflows.up.railway.app
2025-09-24,SPX,367010878,"$367,010,878.90",https://gflows.up.railway.app
2025-09-25,SPX,-24657228905,"$-24,657,228,905.49",https://gflows.up.railway.app
2025-09-25,SPX,-26427962765,"$-26,427,962,765.86",https://gflows.up.railway.app
2025-09-25,SPX,-26427962765,"$-26,427,962,765.86",https://gflows.up.railway.app
2025-09-25,SPX,-33315241848,"$-33,315,241,848.45",https://gflows.up.railway.app
2025-09-25,SPX,-23456395390,"$-23,456,395,390.09",https://gflows.up.railway.app
2025-09-25,SPX,-22191106003,"$-22,191,106,003.47",https://gflows.up.railway.app
2025-09-26,SPX,4576025926,"$4,576,025,926.07",https://gflows.up.railway.app
2025-09-26,SPX,1408120053,"$1,408,120,053.08",https://gflows.up.railway.app
2025-09-26,SPX,-3183636342,"$-3,183,636,342.17",https://gflows.up.railway.app
2025-09-26,SPX,11465238440,"$11,465,238,440.35",https://gflows.up.railway.app
2025-09-26,SPX,-1443062880,"$-1,443,062,880.58",https://gflows.up.railway.app
2025-09-26,SPX,-6682510626,"$-6,682,510,626.18",https://gflows.up.railway.app
2025-09-29,SPX,26659696071,"$26,659,696,071.00",https://gflows.up.railway.app
2025-09-29,SPX,20264197279,"$20,264,197,279.64",https://gflows.up.railway.app
2025-09-29,SPX,20264197279,"$20,264,197,279.64",https://gflows.up.railway.app
2025-09-29,SPX,23717448856,"$23,717,448,856.06",https://gflows.up.railway.app
2025-09-29,SPX,25560887132,"$25,560,887,132.93",https://gflows.up.railway.app
2025-09-29,SPX,26913391919,"$26,913,391,919.54",https://gflows.up.railway.app
2025-09-30,SPX,117030407,"$117,030,407.98",https://gflows.up.railway.app
2025-09-30,SPX,0,$0.00,https://gflows.up.railway.app
2025-09-30,SPX,104399320,"$104,399,320.40",https://gflows.up.railway.app
2025-09-30,SPX,-278395788,"$-278,395,788.42",https://gflows.up.railway.app
2025-09-30,SPX,-981767917,"$-981,767,917.88",https://gflows.up.railway.app
2025-09-30,SPX,86213698,"$86,213,698.92",https://gflows.up.railway.app
2025-10-01,SPX,3687605188,"$3,687,605,188.00",https://gflows.up.railway.app
2025-10-01,SPX,-191701414,"$-191,701,414.34",https://gflows.up.railway.app
2025-10-01,SPX,-191701414,"$-191,701,414.34",https://gflows.up.railway.app
2025-10-01,SPX,6843987289,"$6,843,987,289.14",https://gflows.up.railway.app
2025-10-01,SPX,13248993292,"$13,248,993,292.96",https://gflows.up.railway.app
2025-10-01,SPX,21807886681,"$21,807,886,681.00",https://gflows.up.railway.app
2025-10-02,SPX,71067728314,"$71,067,728,314.00",https://gflows.up.railway.app
2025-10-02,SPX,71604873332,"$71,604,873,332.07",https://gflows.up.railway.app
2025-10-02,SPX,67778949977,"$67,778,949,977.49",https://gflows.up.railway.app
2025-10-02,SPX,58387632531,"$58,387,632,531.94",https://gflows.up.railway.app
2025-10-02,SPX,46846550738,"$46,846,550,738.79",https://gflows.up.railway.app
2025-10-02,SPX,48968420207,"$48,968,420,207.47",https://gflows.up.railway.app
2025-10-03,SPX,44773513635,"$44,773,513,635.73",https://gflows.up.railway.app
2025-10-03,SPX,44224416609,"$44,224,416,609.81",https://gflows.up.railway.app
2025-10-03,SPX,43235097654,"$43,235,097,654.45",https://gflows.up.railway.app
2025-10-03,SPX,64192956916,"$64,192,956,916.01",https://gflows.up.railway.app
2025-10-03,SPX,34685632479,"$34,685,632,479.68",https://gflows.up.railway.app
2025-10-03,SPX,70970053253,"$70,970,053,253.87",https://gflows.up.railway.app
2025-10-06,SPX,40419520637,"$40,419,520,637.18",https://gflows.up.railway.app
2025-10-06,SPX,45627028155,"$45,627,028,155.72",https://gflows.up.railway.app
2025-10-06,SPX,45627028155,"$45,627,028,155.72",https://gflows.up.railway.app
2025-10-06,SPX,-102881797,"$-102,881,797.44",https://gflows.up.railway.app
2025-10-06,SPX,14809107619,"$14,809,107,619.63",https://gflows.up.railway.app
2025-10-06,SPX,29026201011,"$29,026,201,011.84",https://gflows.up.railway.app
2025-10-07,SPX,63980024106,"$63,980,024,106.50",https://gflows.up.railway.app
2025-10-07,SPX,0,$0.00,https://gflows.up.railway.app
2025-10-07,SPX,31446318393,"$31,446,318,393.67",https://gflows.up.railway.app
2025-10-07,SPX,30742781799,"$30,742,781,799.60",https://gflows.up.railway.app
2025-10-07,SPX,19883077012,"$19,883,077,012.87",https://gflows.up.railway.app
2025-10-07,SPX,-20576948446,"$-20,576,948,446.75",https://gflows.up.railway.app
2025-10-08,SPX,25067008963,"$25,067,008,963.03",https://gflows.up.railway.app
2025-10-08,SPX,17814543583,"$17,814,543,583.25",https://gflows.up.railway.app
2025-10-08,SPX,17814543583,"$17,814,543,583.25",https://gflows.up.railway.app
2025-10-08,SPX,29448513669,"$29,448,513,669.98",https://gflows.up.railway.app
2025-10-08,SPX,98843408924,"$98,843,408,924.96",https://gflows.up.railway.app
2025-10-08,SPX,112684888224,"$112,684,888,224.62",https://gflows.up.railway.app
2025-10-09,SPX,84743967075,"$84,743,967,075.29",https://gflows.up.railway.app
2025-10-09,SPX,30129555605,"$30,129,555,605.60",https://gflows.up.railway.app
2025-10-09,SPX,-11261948634,"$-11,261,948,634.13",https://gflows.up.railway.app
2025-10-09,SPX,-45099393657,"$-45,099,393,657.17",https://gflows.up.railway.app
2025-10-10,SPX,37155650387,"$37,155,650,387.93",https://gflows.up.railway.app
2025-10-10,SPX,44410166480,"$44,410,166,480.15",https://gflows.up.railway.app
2025-10-10,SPX,22765319805,"$22,765,319,805.59",https://gflows.up.railway.app
2025-10-10,SPX,70349732880,"$70,349,732,880.63",https://gflows.up.railway.app
2025-10-10,SPX,54642462295,"$54,642,462,295.77",https://gflows.up.railway.app
2025-10-10,SPX,59929736150,"$59,929,736,150.62",https://gflows.up.railway.app
2025-10-13,SPX,-37818684722,"$-37,818,684,722.58",https://gflows.up.railway.app
2025-10-13,SPX,-15784645418,"$-15,784,645,418.01",https://gflows.up.railway.app
2025-10-13,SPX,-15784645418,"$-15,784,645,418.01",https://gflows.up.railway.app
2025-10-13,SPX,8351460301,"$8,351,460,301.36",https://gflows.up.railway.app
2025-10-13,SPX,6877813546,"$6,877,813,546.96",https://gflows.up.railway.app
2025-10-13,SPX,2397924421,"$2,397,924,421.03",https://gflows.up.railway.app
2025-10-14,SPX,-42771044788,"$-42,771,044,788.18",https://gflows.up.railway.app
2025-10-14,SPX,-23422595336,"$-23,422,595,336.73",https://gflows.up.railway.app
2025-10-14,SPX,-23422595336,"$-23,422,595,336.73",https://gflows.up.railway.app
2025-10-14,SPX,-27436632443,"$-27,436,632,443.59",https://gflows.up.railway.app
2025-10-14,SPX,-10630523325,"$-10,630,523,325.72",https://gflows.up.railway.app
2025-10-14,SPX,11604542725,"$11,604,542,725.74",https://gflows.up.railway.app
2025-10-15,SPX,49742095544,"$49,742,095,544.03",https://gflows.up.railway.app
2025-10-15,SPX,13074216566,"$13,074,216,566.81",https://gflows.up.railway.app
2025-10-15,SPX,13074216566,"$13,074,216,566.81",https://gflows.up.railway.app
2025-10-15,SPX,59167009858,"$59,167,009,858.80",https://gflows.up.railway.app
2025-10-15,SPX,112139836158,"$112,139,836,158.22",https://gflows.up.railway.app
2025-10-15,SPX,112139836158,"$112,139,836,158.22",https://gflows.up.railway.app
2025-10-16,SPX,29283349324,"$29,283,349,324.17",https://gflows.up.railway.app
2025-10-16,SPX,718948776,"$718,948,776.76",https://gflows.up.railway.app
2025-10-16,SPX,718948776,"$718,948,776.76",https://gflows.up.railway.app
2025-10-16,SPX,17853915036,"$17,853,915,036.67",https://gflows.up.railway.app
2025-10-16,SPX,1384365245,"$1,384,365,245.85",https://gflows.up.railway.app
2025-10-16,SPX,68693291228,"$68,693,291,228.45",https://gflows.up.railway.app
2025-10-17,SPX,-44882752145,"$-44,882,752,145.00",https://gflows.up.railway.app
2025-10-17,SPX,-40891328700,"$-40,891,328,700.07",https://gflows.up.railway.app
2025-10-17,SPX,-14089506049,"$-14,089,506,049.46",https://gflows.up.railway.app
2025-10-17,SPX,-4035829580,"$-4,035,829,580.56",https://gflows.up.railway.app
2025-10-17,SPX,12790988971,"$12,790,988,971.13",https://gflows.up.railway.app
2025-10-17,SPX,11789935480,"$11,789,935,480.65",https://gflows.up.railway.app
2025-10-20,SPX,26396867528,"$26,396,867,528.54",https://gflows.up.railway.app
2025-10-20,SPX,4273060065,"$4,273,060,065.95",https://gflows.up.railway.app
2025-10-20,SPX,4273060065,"$4,273,060,065.95",https://gflows.up.railway.app
2025-10-20,SPX,28812290647,"$28,812,290,647.64",https://gflows.up.railway.app
2025-10-20,SPX,49806210719,"$49,806,210,719.58",https://gflows.up.railway.app
2025-10-20,SPX,79357956469,"$79,357,956,469.53",https://gflows.up.railway.app
2025-10-21,SPX,21323190075,"$21,323,190,075.14",https://gflows.up.railway.app
2025-10-21,SPX,12897952158,"$12,897,952,158.44",https://gflows.up.railway.app
2025-10-21,SPX,12897952158,"$12,897,952,158.44",https://gflows.up.railway.app
2025-10-21,SPX,-764133030,"$-764,133,030.37",https://gflows.up.railway.app
2025-10-21,SPX,5014126247,"$5,014,126,247.14",https://gflows.up.railway.app
2025-10-21,SPX,37191138580,"$37,191,138,580.27",https://gflows.up.railway.app
2025-10-22,SPX,17607803020,"$17,607,803,020.12",https://gflows.up.railway.app
2025-10-22,SPX,6471229848,"$6,471,229,848.85",https://gflows.up.railway.app
2025-10-22,SPX,6471229848,"$6,471,229,848.85",https://gflows.up.railway.app
2025-10-22,SPX,9530595810,"$9,530,595,810.35",https://gflows.up.railway.app
2025-10-22,SPX,-32357493197,"$-32,357,493,197.30",https://gflows.up.railway.app
2025-10-22,SPX,-32357493197,"$-32,357,493,197.30",https://gflows.up.railway.app
2025-10-23,SPX,-3325860880,"$-3,325,860,880.09",https://gflows.up.railway.app
2025-10-23,SPX,-293581819,"$-293,581,819.53",https://gflows.up.railway.app
2025-10-23,SPX,-293581819,"$-293,581,819.53",https://gflows.up.railway.app
2025-10-23,SPX,44036712834,"$44,036,712,834.21",https://gflows.up.railway.app
2025-10-23,SPX,35086848186,"$35,086,848,186.99",https://gflows.up.railway.app
2025-10-23,SPX,51723505993,"$51,723,505,993.17",https://gflows.up.railway.app
2025-10-24,SPX,58806632971,"$58,806,632,971.61",https://gflows.up.railway.app
2025-10-24,SPX,17964741726,"$17,964,741,726.01",https://gflows.up.railway.app
2025-10-24,SPX,17964741726,"$17,964,741,726.01",https://gflows.up.railway.app
2025-10-24,SPX,61551152242,"$61,551,152,242.90",https://gflows.up.railway.app
2025-10-24,SPX,88368789476,"$88,368,789,476.97",https://gflows.up.railway.app
2025-10-24,SPX,66611917724,"$66,611,917,724.51",https://gflows.up.railway.app
2025-10-27,SPX,81957807423,"$81,957,807,423.76",https://gflows.up.railway.app
2025-10-27,SPX,22207169476,"$22,207,169,476.69",https://gflows.up.railway.app
2025-10-27,SPX,22207169476,"$22,207,169,476.69",https://gflows.up.railway.app
2025-10-27,SPX,60339485630,"$60,339,485,630.98",https://gflows.up.railway.app
2025-10-27,SPX,77106129553,"$77,106,129,553.91",https://gflows.up.railway.app
2025-10-27,SPX,99709348934,"$99,709,348,934.23",https://gflows.up.railway.app
2025-10-28,SPX,85177977511,"$85,177,977,511.62",https://gflows.up.railway.app
2025-10-28,SPX,19638077747,"$19,638,077,747.35",https://gflows.up.railway.app
2025-10-28,SPX,19638077747,"$19,638,077,747.35",https://gflows.up.railway.app
2025-10-28,SPX,26721925419,"$26,721,925,419.60",https://gflows.up.railway.app
2025-10-28,SPX,40855482803,"$40,855,482,803.77",https://gflows.up.railway.app
2025-10-28,SPX,53642175599,"$53,642,175,599.61",https://gflows.up.railway.app
2025-10-29,SPX,44278312173,"$44,278,312,173.25",https://gflows.up.railway.app
2025-10-29,SPX,11969330270,"$11,969,330,270.99",https://gflows.up.railway.app
2025-10-29,SPX,11969330270,"$11,969,330,270.99",https://gflows.up.railway.app
2025-10-29,SPX,33216285448,"$33,216,285,448.59",https://gflows.up.railway.app
2025-10-29,SPX,30681860906,"$30,681,860,906.33",https://gflows.up.railway.app
2025-10-29,SPX,30681860906,"$30,681,860,906.33",https://gflows.up.railway.app
2025-10-30,SPX,-7129407848,"$-7,129,407,848.16",https://gflows.up.railway.app
2025-10-30,SPX,-96321972,"$-96,321,972.00",https://gflows.up.railway.app
2025-10-30,SPX,-96321972,"$-96,321,972.00",https://gflows.up.railway.app
2025-10-30,SPX,13591025210,"$13,591,025,210.74",https://gflows.up.railway.app
2025-10-30,SPX,10648448583,"$10,648,448,583.73",https://gflows.up.railway.app
2025-10-30,SPX,-10198770894,"$-10,198,770,894.57",https://gflows.up.railway.app
2025-10-31,SPX,20834648080,"$20,834,648,080.07",https://gflows.up.railway.app
2025-10-31,SPX,-39503071,"$-39,503,071.95",https://gflows.up.railway.app
2025-10-31,SPX,-39503071,"$-39,503,071.95",https://gflows.up.railway.app
2025-10-31,SPX,4320891777,"$4,320,891,777.00",https://gflows.up.railway.app
2025-10-31,SPX,227292590,"$227,292,590.00",https://gflows.up.railway.app
2025-10-31,SPX,4878804442,"$4,878,804,442.05",https://gflows.up.railway.app
2025-11-03,SPX,7859963673,"$7,859,963,673.33",https://gflows.up.railway.app
2025-11-03,SPX,7859963673,"$7,859,963,673.33",https://gflows.up.railway.app
2025-11-03,SPX,7859963673,"$7,859,963,673.33",https://gflows.up.railway.app
2025-11-03,SPX,32521610443,"$32,521,610,443.47",https://gflows.up.railway.app
2025-11-03,SPX,37625404086,"$37,625,404,086.85",https://gflows.up.railway.app
2025-11-03,SPX,23607594478,"$23,607,594,478.32",https://gflows.up.railway.app
2025-11-04,SPX,25688965838,"$25,688,965,838.51",https://gflows.up.railway.app
2025-11-04,SPX,25688965838,"$25,688,965,838.51",https://gflows.up.railway.app
2025-11-04,SPX,25688965838,"$25,688,965,838.51",https://gflows.up.railway.app
2025-11-04,SPX,-32381546015,"$-32,381,546,015.13",https://gflows.up.railway.app
2025-11-04,SPX,0,$0.00,https://gflows.up.railway.app
2025-11-04,SPX,-6266133796,"$-6,266,133,796.20",https://gflows.up.railway.app
2025-11-05,SPX,-18727882843,"$-18,727,882,843.73",https://gflows.up.railway.app
2025-11-05,SPX,-18727882843,"$-18,727,882,843.73",https://gflows.up.railway.app
2025-11-05,SPX,-18727882843,"$-18,727,882,843.73",https://gflows.up.railway.app
2025-11-05,SPX,-12841871605,"$-12,841,871,605.21",https://gflows.up.railway.app
2025-11-05,SPX,-13906997783,"$-13,906,997,783.05",https://gflows.up.railway.app
2025-11-05,SPX,-60006867312,"$-60,006,867,312.44",https://gflows.up.railway.app
2025-11-06,SPX,-195779059,"$-195,779,059.54",https://gflows.up.railway.app
2025-11-06,SPX,-195779059,"$-195,779,059.54",https://gflows.up.railway.app
2025-11-06,SPX,-195779059,"$-195,779,059.54",https://gflows.up.railway.app
2025-11-06,SPX,3823530021,"$3,823,530,021.11",https://gflows.up.railway.app
2025-11-06,SPX,-5734627592,"$-5,734,627,592.56",https://gflows.up.railway.app
2025-11-06,SPX,-878283564,"$-878,283,564.60",https://gflows.up.railway.app
2025-11-07,SPX,-20436409983,"$-20,436,409,983.23",https://gflows.up.railway.app
2025-11-07,SPX,-20436409983,"$-20,436,409,983.23",https://gflows.up.railway.app
2025-11-07,SPX,-20436409983,"$-20,436,409,983.23",https://gflows.up.railway.app
2025-11-07,SPX,-44926677953,"$-44,926,677,953.40",https://gflows.up.railway.app
2025-11-07,SPX,-46636899009,"$-46,636,899,009.38",https://gflows.up.railway.app
2025-11-07,SPX,-20986746520,"$-20,986,746,520.43",https://gflows.up.railway.app
2025-11-10,SPX,-11434180568,"$-11,434,180,568.51",https://gflows.up.railway.app
2025-11-10,SPX,-11434180568,"$-11,434,180,568.51",https://gflows.up.railway.app
2025-11-10,SPX,-11434180568,"$-11,434,180,568.51",https://gflows.up.railway.app
2025-11-10,SPX,43032776847,"$43,032,776,847.53",https://gflows.up.railway.app
2025-11-10,SPX,40999624534,"$40,999,624,534.79",https://gflows.up.railway.app
2025-11-10,SPX,14511717816,"$14,511,717,816.17",https://gflows.up.railway.app
2025-11-11,SPX,49725000593,"$49,725,000,593.92",https://gflows.up.railway.app
2025-11-11,SPX,49725000593,"$49,725,000,593.92",https://gflows.up.railway.app
2025-11-11,SPX,49725000593,"$49,725,000,593.92",https://gflows.up.railway.app
2025-11-11,SPX,29890372798,"$29,890,372,798.98",https://gflows.up.railway.app
2025-11-11,SPX,31997406838,"$31,997,406,838.20",https://gflows.up.railway.app
2025-11-11,SPX,19102386140,"$19,102,386,140.11",https://gflows.up.railway.app
2025-11-12,SPX,51535848201,"$51,535,848,201.61",https://gflows.up.railway.app
2025-11-12,SPX,51535848201,"$51,535,848,201.61",https://gflows.up.railway.app
2025-11-12,SPX,51535848201,"$51,535,848,201.61",https://gflows.up.railway.app
2025-11-12,SPX,82659836419,"$82,659,836,419.47",https://gflows.up.railway.app
2025-11-12,SPX,79049797987,"$79,049,797,987.79",https://gflows.up.railway.app
2025-11-12,SPX,29236740566,"$29,236,740,566.48",https://gflows.up.railway.app
2025-11-13,SPX,42585528873,"$42,585,528,873.36",https://gflows.up.railway.app
2025-11-13,SPX,42585528873,"$42,585,528,873.36",https://gflows.up.railway.app
2025-11-13,SPX,42585528873,"$42,585,528,873.36",https://gflows.up.railway.app
2025-11-13,SPX,-4240488035,"$-4,240,488,035.36",https://gflows.up.railway.app
2025-11-13,SPX,-9384612924,"$-9,384,612,924.43",https://gflows.up.railway.app
2025-11-14,SPX,-24094910937,"$-24,094,910,937.08",https://gflows.up.railway.app
2025-11-14,SPX,-24094910937,"$-24,094,910,937.08",https://gflows.up.railway.app
2025-11-14,SPX,-24094910937,"$-24,094,910,937.08",https://gflows.up.railway.app
2025-11-14,SPX,-58164767839,"$-58,164,767,839.60",https://gflows.up.railway.app
2025-11-14,SPX,-59223164539,"$-59,223,164,539.35",https://gflows.up.railway.app
2025-11-14,SPX,-27113796079,"$-27,113,796,079.18",https://gflows.up.railway.app
2025-11-17,SPX,-16796242957,"$-16,796,242,957.14",https://gflows.up.railway.app
2025-11-17,SPX,-23918201583,"$-23,918,201,583.05",https://gflows.up.railway.app
2025-11-17,SPX,-23918201583,"$-23,918,201,583.05",https://gflows.up.railway.app
2025-11-17,SPX,-25185408159,"$-25,185,408,159.07",https://gflows.up.railway.app
2025-11-17,SPX,-30474055503,"$-30,474,055,503.04",https://gflows.up.railway.app
2025-11-17,SPX,-10988192856,"$-10,988,192,856.92",https://gflows.up.railway.app
2025-11-18,SPX,-24099346575,"$-24,099,346,575.18",https://gflows.up.railway.app
2025-11-18,SPX,-24099346575,"$-24,099,346,575.18",https://gflows.up.railway.app
2025-11-18,SPX,-24099346575,"$-24,099,346,575.18",https://gflows.up.railway.app
2025-11-18,SPX,-43248374464,"$-43,248,374,464.48",https://gflows.up.railway.app
2025-11-18,SPX,-44192741787,"$-44,192,741,787.86",https://gflows.up.railway.app
2025-11-18,SPX,-20341137228,"$-20,341,137,228.37",https://gflows.up.railway.app
2025-11-19,SPX,-23554170258,"$-23,554,170,258.65",https://gflows.up.railway.app
2025-11-19,SPX,-23554170258,"$-23,554,170,258.65",https://gflows.up.railway.app
2025-11-19,SPX,-23554170258,"$-23,554,170,258.65",https://gflows.up.railway.app
2025-11-19,SPX,-13577749068,"$-13,577,749,068.58",https://gflows.up.railway.app
2025-11-19,SPX,-18306011111,"$-18,306,011,111.00",https://gflows.up.railway.app
2025-11-19,SPX,-18366418044,"$-18,366,418,044.63",https://gflows.up.railway.app
2025-11-20,SPX,-925390000,"$-925,390,000.93",https://gflows.up.railway.app
2025-11-20,SPX,-925390000,"$-925,390,000.93",https://gflows.up.railway.app
2025-11-20,SPX,-925390000,"$-925,390,000.93",https://gflows.up.railway.app
2025-11-20,SPX,31053092269,"$31,053,092,269.66",https://gflows.up.railway.app
2025-11-20,SPX,29238145144,"$29,238,145,144.67",https://gflows.up.railway.app
2025-11-20,SPX,3749304623,"$3,749,304,623.01",https://gflows.up.railway.app
2025-11-21,SPX,-45673353152,"$-45,673,353,152.91",https://gflows.up.railway.app
2025-11-21,SPX,-45673353152,"$-45,673,353,152.91",https://gflows.up.railway.app
2025-11-21,SPX,-45673353152,"$-45,673,353,152.91",https://gflows.up.railway.app
2025-11-21,SPX,-42754037203,"$-42,754,037,203.17",https://gflows.up.railway.app
2025-11-21,SPX,-42319599789,"$-42,319,599,789.82",https://gflows.up.railway.app
2025-11-21,SPX,-12177508508,"$-12,177,508,508.40",https://gflows.up.railway.app
2025-11-24,SPX,-12289180392,"$-12,289,180,392.03",https://gflows.up.railway.app
2025-11-24,SPX,-12289180392,"$-12,289,180,392.03",https://gflows.up.railway.app
2025-11-24,SPX,-12289180392,"$-12,289,180,392.03",https://gflows.up.railway.app
2025-11-24,SPX,-1121592252,"$-1,121,592,252.28",https://gflows.up.railway.app
2025-11-24,SPX,5688995254,"$5,688,995,254.15",https://gflows.up.railway.app
2025-11-24,SPX,-3123507664,"$-3,123,507,664.88",https://gflows.up.railway.app
2025-11-25,SPX,15277501848,"$15,277,501,848.81",https://gflows.up.railway.app
2025-11-25,SPX,14927525846,"$14,927,525,846.20",https://gflows.up.railway.app
2025-11-25,SPX,14927525846,"$14,927,525,846.20",https://gflows.up.railway.app
2025-11-25,SPX,13194680660,"$13,194,680,660.12",https://gflows.up.railway.app
2025-11-25,SPX,12530691067,"$12,530,691,067.47",https://gflows.up.railway.app
2025-11-25,SPX,1268874555,"$1,268,874,555.21",https://gflows.up.railway.app
2025-11-26,SPX,40586434491,"$40,586,434,491.13",https://gflows.up.railway.app
2025-11-26,SPX,40586434491,"$40,586,434,491.13",https://gflows.up.railway.app
2025-11-26,SPX,40586434491,"$40,586,434,491.13",https://gflows.up.railway.app
2025-11-26,SPX,67186357894,"$67,186,357,894.50",https://gflows.up.railway.app
2025-11-26,SPX,64322774053,"$64,322,774,053.70",https://gflows.up.railway.app
2025-11-26,SPX,20310194312,"$20,310,194,312.39",https://gflows.up.railway.app
2025-11-27,SPX,27247594965,"$27,247,594,965.19",https://gflows.up.railway.app
2025-11-27,SPX,27247594965,"$27,247,594,965.19",https://gflows.up.railway.app
2025-11-27,SPX,27247594965,"$27,247,594,965.19",https://gflows.up.railway.app
2025-11-27,SPX,23618078338,"$23,618,078,338.33",https://gflows.up.railway.app
2025-11-27,SPX,24582266519,"$24,582,266,519.41",https://gflows.up.railway.app
2025-11-27,SPX,26403376267,"$26,403,376,267.64",https://gflows.up.railway.app
2025-11-28,SPX,24747208895,"$24,747,208,895.31",https://gflows.up.railway.app
2025-11-28,SPX,24747208895,"$24,747,208,895.31",https://gflows.up.railway.app
2025-11-28,SPX,24747208895,"$24,747,208,895.31",https://gflows.up.railway.app
2025-11-28,SPX,36583707519,"$36,583,707,519.36",https://gflows.up.railway.app
2025-11-28,SPX,33994582367,"$33,994,582,367.70",https://gflows.up.railway.app
2025-11-28,SPX,-8545863,"$-8,545,863.89",https://gflows.up.railway.app
2025-12-01,SPX,52195853391,"$52,195,853,391.51",https://gflows.up.railway.app
2025-12-01,SPX,52195853391,"$52,195,853,391.51",https://gflows.up.railway.app
2025-12-01,SPX,52195853391,"$52,195,853,391.51",https://gflows.up.railway.app
2025-12-02,SPX,31113292889,"$31,113,292,889.50",https://gflows.up.railway.app
2025-12-02,SPX,31113292889,"$31,113,292,889.50",https://gflows.up.railway.app
2025-12-02,SPX,31113292889,"$31,113,292,889.50",https://gflows.up.railway.app
2025-12-02,SPX,54881740664,"$54,881,740,664.52",https://gflows.up.railway.app
2025-12-02,SPX,0,$0.00,https://gflows.up.railway.app
2025-12-02,SPX,36843979354,"$36,843,979,354.55",https://gflows.up.railway.app
2025-12-03,SPX,55739407270,"$55,739,407,270.51",https://gflows.up.railway.app
2025-12-03,SPX,27782680517,"$27,782,680,517.51",https://gflows.up.railway.app
2025-12-05,SPX,56502681157,"$56,502,681,157.51",https://gflows.up.railway.app
2025-12-05,SPX,56502681157,"$56,502,681,157.51",https://gflows.up.railway.app
2025-12-05,SPX,56502681157,"$56,502,681,157.51",https://gflows.up.railway.app
2025-12-05,SPX,53133197563,"$53,133,197,563.38",https://gflows.up.railway.app
2025-12-05,SPX,60960623551,"$60,960,623,551.44",https://gflows.up.railway.app
2025-12-05,SPX,46781383473,"$46,781,383,473.80",https://gflows.up.railway.app
2025-12-08,SPX,44350567700,"$44,350,567,700.14",https://gflows.up.railway.app
2025-12-08,SPX,44350567700,"$44,350,567,700.14",https://gflows.up.railway.app
2025-12-08,SPX,44350567700,"$44,350,567,700.14",https://gflows.up.railway.app
2025-12-08,SPX,58714931427,"$58,714,931,427.74",https://gflows.up.railway.app
2025-12-08,SPX,0,$0.00,https://gflows.up.railway.app
2025-12-08,SPX,39032216958,"$39,032,216,958.32",https://gflows.up.railway.app
2025-12-09,SPX,29197896853,"$29,197,896,853.18",https://gflows.up.railway.app
2025-12-09,SPX,29197896853,"$29,197,896,853.18",https://gflows.up.railway.app
2025-12-09,SPX,29197896853,"$29,197,896,853.18",https://gflows.up.railway.app
2025-12-09,SPX,22405786151,"$22,405,786,151.10",https://gflows.up.railway.app
2025-12-09,SPX,0,$0.00,https://gflows.up.railway.app
2025-12-09,SPX,27445607940,"$27,445,607,940.16",https://gflows.up.railway.app
2025-12-10,SPX,22411467246,"$22,411,467,246.44",https://gflows.up.railway.app
2025-12-10,SPX,22411467246,"$22,411,467,246.44",https://gflows.up.railway.app
2025-12-10,SPX,22411467246,"$22,411,467,246.44",https://gflows.up.railway.app
2025-12-10,SPX,22042802591,"$22,042,802,591.11",https://gflows.up.railway.app
2025-12-10,SPX,21813992014,"$21,813,992,014.81",https://gflows.up.railway.app
2025-12-10,SPX,22595520435,"$22,595,520,435.98",https://gflows.up.railway.app
2025-12-11,SPX,49029365800,"$49,029,365,800.98",https://gflows.up.railway.app
2025-12-11,SPX,49029365800,"$49,029,365,800.98",https://gflows.up.railway.app
2025-12-11,SPX,25097429607,"$25,097,429,607.68",https://gflows.up.railway.app
2025-12-11,SPX,25140431092,"$25,140,431,092.08",https://gflows.up.railway.app
2025-12-11,SPX,30003981025,"$30,003,981,025.26",https://gflows.up.railway.app
2025-12-11,SPX,29841416860,"$29,841,416,860.76",https://gflows.up.railway.app
2025-12-12,SPX,79168411405,"$79,168,411,405.03",https://gflows.up.railway.app
2025-12-12,SPX,79168411405,"$79,168,411,405.03",https://gflows.up.railway.app
2025-12-12,SPX,79168411405,"$79,168,411,405.03",https://gflows.up.railway.app
2025-12-12,SPX,77579228977,"$77,579,228,977.56",https://gflows.up.railway.app
2025-12-12,SPX,73816986797,"$73,816,986,797.60",https://gflows.up.railway.app
2025-12-12,SPX,42975620618,"$42,975,620,618.56",https://gflows.up.railway.app
2025-12-15,SPX,14221177377,"$14,221,177,377.67",https://gflows.up.railway.app
2025-12-15,SPX,14221177377,"$14,221,177,377.67",https://gflows.up.railway.app
2025-12-15,SPX,0,$0.00,https://gflows.up.railway.app
2025-12-15,SPX,0,$0.00,https://gflows.up.railway.app
2025-12-15,SPX,31252229284,"$31,252,229,284.45",https://gflows.up.railway.app
2025-12-15,SPX,18242612726,"$18,242,612,726.83",https://gflows.up.railway.app
2025-12-16,SPX,11074853949,"$11,074,853,949.82",https://gflows.up.railway.app
2025-12-16,SPX,11074853949,"$11,074,853,949.82",https://gflows.up.railway.app
2025-12-16,SPX,3449012841,"$3,449,012,841.30",https://gflows.up.railway.app
2025-12-16,SPX,-4351605634,"$-4,351,605,634.44",https://gflows.up.railway.app
2025-12-16,SPX,7647346795,"$7,647,346,795.50",https://gflows.up.railway.app
2025-12-16,SPX,-4120814229,"$-4,120,814,229.22",https://gflows.up.railway.app
2025-12-17,SPX,38627958677,"$38,627,958,677.34",https://gflows.up.railway.app
2025-12-17,SPX,38627958677,"$38,627,958,677.34",https://gflows.up.railway.app
2025-12-17,SPX,38627958677,"$38,627,958,677.34",https://gflows.up.railway.app
2025-12-17,SPX,33324065868,"$33,324,065,868.76",https://gflows.up.railway.app
2025-12-17,SPX,0,$0.00,https://gflows.up.railway.app
2025-12-17,SPX,-7094233186,"$-7,094,233,186.57",https://gflows.up.railway.app
2025-12-18,SPX,-23468894669,"$-23,468,894,669.77",https://gflows.up.railway.app
2025-12-18,SPX,-23468894669,"$-23,468,894,669.77",https://gflows.up.railway.app
2025-12-18,SPX,-23468894669,"$-23,468,894,669.77",https://gflows.up.railway.app
2025-12-18,SPX,2984420283,"$2,984,420,283.76",https://gflows.up.railway.app
2025-12-18,SPX,0,$0.00,https://gflows.up.railway.app
2025-12-18,SPX,-3151621985,"$-3,151,621,985.71",https://gflows.up.railway.app
2025-12-19,SPX,-23992542836,"$-23,992,542,836.88",https://gflows.up.railway.app
2025-12-19,SPX,-23992542836,"$-23,992,542,836.88",https://gflows.up.railway.app
2025-12-19,SPX,-23992542836,"$-23,992,542,836.88",https://gflows.up.railway.app
2025-12-19,SPX,-5013066840,"$-5,013,066,840.43",https://gflows.up.railway.app
2025-12-19,SPX,-1725107741,"$-1,725,107,741.36",https://gflows.up.railway.app
2025-12-19,SPX,7977093703,"$7,977,093,703.62",https://gflows.up.railway.app
2025-12-22,SPX,60511563600,"$60,511,563,600.28",https://gflows.up.railway.app
2025-12-22,SPX,60511563600,"$60,511,563,600.28",https://gflows.up.railway.app
2025-12-22,SPX,60511563600,"$60,511,563,600.28",https://gflows.up.railway.app
2025-12-22,SPX,79653775800,"$79,653,775,800.19",https://gflows.up.railway.app
2025-12-22,SPX,82175809900,"$82,175,809,900.96",https://gflows.up.railway.app
2025-12-22,SPX,38076315541,"$38,076,315,541.50",https://gflows.up.railway.app
2025-12-23,SPX,58768204587,"$58,768,204,587.67",https://gflows.up.railway.app
2025-12-23,SPX,58768204587,"$58,768,204,587.67",https://gflows.up.railway.app
2025-12-23,SPX,58768204587,"$58,768,204,587.67",https://gflows.up.railway.app
2025-12-23,SPX,-11246595912,"$-11,246,595,912.71",https://gflows.up.railway.app
2025-12-23,SPX,-5570611866,"$-5,570,611,866.53",https://gflows.up.railway.app
2025-12-23,SPX,41796508709,"$41,796,508,709.83",https://gflows.up.railway.app
2025-12-24,SPX,128146439931,"$128,146,439,931.64",https://gflows.up.railway.app
2025-12-24,SPX,128146439931,"$128,146,439,931.64",https://gflows.up.railway.app
2025-12-24,SPX,128146439931,"$128,146,439,931.64",https://gflows.up.railway.app
2025-12-24,SPX,207750313342,"$207,750,313,342.58",https://gflows.up.railway.app
2025-12-24,SPX,210401666247,"$210,401,666,247.62",https://gflows.up.railway.app
2025-12-24,SPX,61753860487,"$61,753,860,487.79",https://gflows.up.railway.app
2025-12-25,SPX,84554203617,"$84,554,203,617.29",https://gflows.up.railway.app
2025-12-25,SPX,84554203617,"$84,554,203,617.29",https://gflows.up.railway.app
2025-12-25,SPX,84554203617,"$84,554,203,617.29",https://gflows.up.railway.app
2025-12-25,SPX,80293056738,"$80,293,056,738.91",https://gflows.up.railway.app
2025-12-25,SPX,80293056738,"$80,293,056,738.91",https://gflows.up.railway.app
2025-12-25,SPX,80293056738,"$80,293,056,738.91",https://gflows.up.railway.app
2025-12-26,SPX,80293056738,"$80,293,056,738.91",https://gflows.up.railway.app
2025-12-26,SPX,80293056738,"$80,293,056,738.91",https://gflows.up.railway.app
2025-12-26,SPX,80293056738,"$80,293,056,738.91",https://gflows.up.railway.app
2025-12-26,SPX,84740020978,"$84,740,020,978.86",https://gflows.up.railway.app
2025-12-26,SPX,88833178275,"$88,833,178,275.32",https://gflows.up.railway.app
2025-12-26,SPX,58685349644,"$58,685,349,644.29",https://gflows.up.railway.app
2025-12-29,SPX,30655351573,"$30,655,351,573.96",https://gflows.up.railway.app
2025-12-29,SPX,30655351573,"$30,655,351,573.96",https://gflows.up.railway.app
2025-12-29,SPX,30655351573,"$30,655,351,573.96",https://gflows.up.railway.app
2025-12-29,SPX,7412966170,"$7,412,966,170.40",https://gflows.up.railway.app
2025-12-29,SPX,2700859121,"$2,700,859,121.85",https://gflows.up.railway.app
2025-12-29,SPX,23744540495,"$23,744,540,495.01",https://gflows.up.railway.app
2025-12-30,SPX,21781896979,"$21,781,896,979.13",https://gflows.up.railway.app
2025-12-30,SPX,21781896979,"$21,781,896,979.13",https://gflows.up.railway.app
2025-12-30,SPX,21781896979,"$21,781,896,979.13",https://gflows.up.railway.app
2025-12-30,SPX,16566085805,"$16,566,085,805.70",https://gflows.up.railway.app
2025-12-30,SPX,17317010237,"$17,317,010,237.99",https://gflows.up.railway.app
2025-12-30,SPX,-10110437,"$-10,110,437.22",https://gflows.up.railway.app
2025-12-31,SPX,-2547660430,"$-2,547,660,430.09",https://gflows.up.railway.app
2025-12-31,SPX,-2547660430,"$-2,547,660,430.09",https://gflows.up.railway.app
2025-12-31,SPX,-2547660430,"$-2,547,660,430.09",https://gflows.up.railway.app
2025-12-31,SPX,1570493067,"$1,570,493,067.28",https://gflows.up.railway.app
2025-12-31,SPX,198578967,"$198,578,967.21",https://gflows.up.railway.app
2025-12-31,SPX,552331956,"$552,331,956.21",https://gflows.up.railway.app
2026-01-01,SPX,-21893862503,"$-21,893,862,503.42",https://gflows.up.railway.app
2026-01-01,SPX,-21893862503,"$-21,893,862,503.42",https://gflows.up.railway.app
2026-01-01,SPX,-21893862503,"$-21,893,862,503.42",https://gflows.up.railway.app
2026-01-01,SPX,-24804133419,"$-24,804,133,419.86",https://gflows.up.railway.app
2026-01-01,SPX,-24804133419,"$-24,804,133,419.86",https://gflows.up.railway.app
2026-01-01,SPX,-24804133419,"$-24,804,133,419.86",https://gflows.up.railway.app
2026-01-02,SPX,-24804133419,"$-24,804,133,419.86",https://gflows.up.railway.app
2026-01-02,SPX,-24804133419,"$-24,804,133,419.86",https://gflows.up.railway.app
2026-01-02,SPX,-24804133419,"$-24,804,133,419.86",https://gflows.up.railway.app
2026-01-02,SPX,12600007025,"$12,600,007,025.86",https://gflows.up.railway.app
2026-01-02,SPX,9974772038,"$9,974,772,038.81",https://gflows.up.railway.app
2026-01-02,SPX,2801682683,"$2,801,682,683.43",https://gflows.up.railway.app
2026-01-05,SPX,-7497367006,"$-7,497,367,006.73",https://gflows.up.railway.app
2026-01-05,SPX,-7497367006,"$-7,497,367,006.73",https://gflows.up.railway.app
2026-01-05,SPX,24423482970,"$24,423,482,970.54",https://gflows.up.railway.app
2026-01-05,SPX,30610180162,"$30,610,180,162.72",https://gflows.up.railway.app
2026-01-05,SPX,13702340962,"$13,702,340,962.67",https://gflows.up.railway.app
2026-01-05,SPX,24565248157,"$24,565,248,157.22",https://gflows.up.railway.app
2026-01-06,SPX,15302391032,"$15,302,391,032.21",https://gflows.up.railway.app
2026-01-06,SPX,15302391032,"$15,302,391,032.21",https://gflows.up.railway.app
2026-01-06,SPX,15302391032,"$15,302,391,032.21",https://gflows.up.railway.app
2026-01-06,SPX,15761200180,"$15,761,200,180.92",https://gflows.up.railway.app
2026-01-06,SPX,13983867515,"$13,983,867,515.57",https://gflows.up.railway.app
2026-01-06,SPX,20218523166,"$20,218,523,166.70",https://gflows.up.railway.app
2026-01-07,SPX,66931458437,"$66,931,458,437.24",https://gflows.up.railway.app
2026-01-07,SPX,66931458437,"$66,931,458,437.24",https://gflows.up.railway.app
2026-01-07,SPX,84164629103,"$84,164,629,103.69",https://gflows.up.railway.app
2026-01-07,SPX,84614827265,"$84,614,827,265.70",https://gflows.up.railway.app
2026-01-07,SPX,29732132585,"$29,732,132,585.14",https://gflows.up.railway.app
2026-01-07,SPX,55183461056,"$55,183,461,056.33",https://gflows.up.railway.app
2026-01-08,SPX,-2856233758,"$-2,856,233,758.31",https://gflows.up.railway.app
2026-01-08,SPX,-2856233758,"$-2,856,233,758.31",https://gflows.up.railway.app
2026-01-08,SPX,-13582509968,"$-13,582,509,968.82",https://gflows.up.railway.app
2026-01-08,SPX,-14199720864,"$-14,199,720,864.61",https://gflows.up.railway.app
2026-01-08,SPX,4655900211,"$4,655,900,211.71",https://gflows.up.railway.app
2026-01-08,SPX,-2299319668,"$-2,299,319,668.33",https://gflows.up.railway.app
2026-01-09,SPX,11915638276,"$11,915,638,276.27",https://gflows.up.railway.app
2026-01-09,SPX,11915638276,"$11,915,638,276.27",https://gflows.up.railway.app
2026-01-09,SPX,11915638276,"$11,915,638,276.27",https://gflows.up.railway.app
2026-01-09,SPX,41780776126,"$41,780,776,126.68",https://gflows.up.railway.app
2026-01-09,SPX,13896883038,"$13,896,883,038.70",https://gflows.up.railway.app
2026-01-09,SPX,26369488782,"$26,369,488,782.20",https://gflows.up.railway.app
2026-01-12,SPX,30844591297,"$30,844,591,297.77",https://gflows.up.railway.app
2026-01-12,SPX,30844591297,"$30,844,591,297.77",https://gflows.up.railway.app
2026-01-12,SPX,-9674242700,"$-9,674,242,700.59",https://gflows.up.railway.app
2026-01-12,SPX,-9381777502,"$-9,381,777,502.23",https://gflows.up.railway.app
2026-01-12,SPX,14446637079,"$14,446,637,079.31",https://gflows.up.railway.app
2026-01-12,SPX,40570061597,"$40,570,061,597.09",https://gflows.up.railway.app
2026-01-13,SPX,40623726226,"$40,623,726,226.99",https://gflows.up.railway.app
2026-01-13,SPX,40623726226,"$40,623,726,226.99",https://gflows.up.railway.app
2026-01-13,SPX,60129447019,"$60,129,447,019.63",https://gflows.up.railway.app
2026-01-13,SPX,50764706233,"$50,764,706,233.38",https://gflows.up.railway.app
2026-01-13,SPX,35573887127,"$35,573,887,127.80",https://gflows.up.railway.app
2026-01-13,SPX,33765931054,"$33,765,931,054.09",https://gflows.up.railway.app
2026-01-14,SPX,24102177296,"$24,102,177,296.98",https://gflows.up.railway.app
2026-01-14,SPX,24102177296,"$24,102,177,296.98",https://gflows.up.railway.app
2026-01-14,SPX,-16422830051,"$-16,422,830,051.96",https://gflows.up.railway.app
2026-01-14,SPX,-18560247083,"$-18,560,247,083.41",https://gflows.up.railway.app
2026-01-14,SPX,3184845001,"$3,184,845,001.39",https://gflows.up.railway.app
2026-01-14,SPX,-7300638030,"$-7,300,638,030.58",https://gflows.up.railway.app
2026-01-15,SPX,-3534931522,"$-3,534,931,522.81",https://gflows.up.railway.app
2026-01-15,SPX,-3534931522,"$-3,534,931,522.81",https://gflows.up.railway.app
2026-01-15,SPX,45775848321,"$45,775,848,321.67",https://gflows.up.railway.app
2026-01-15,SPX,44528574540,"$44,528,574,540.24",https://gflows.up.railway.app
2026-01-15,SPX,6440298529,"$6,440,298,529.61",https://gflows.up.railway.app
2026-01-15,SPX,14400020945,"$14,400,020,945.57",https://gflows.up.railway.app
2026-01-16,SPX,-19538059662,"$-19,538,059,662.36",https://gflows.up.railway.app
2026-01-16,SPX,-19538059662,"$-19,538,059,662.36",https://gflows.up.railway.app
2026-01-16,SPX,-12453940757,"$-12,453,940,757.47",https://gflows.up.railway.app
2026-01-16,SPX,-9068846203,"$-9,068,846,203.88",https://gflows.up.railway.app
2026-01-16,SPX,4796323323,"$4,796,323,323.94",https://gflows.up.railway.app
2026-01-16,SPX,319926306,"$319,926,306.34",https://gflows.up.railway.app
2026-01-19,SPX,-7085762149,"$-7,085,762,149.14",https://gflows.up.railway.app
2026-01-19,SPX,-7085762149,"$-7,085,762,149.14",https://gflows.up.railway.app
2026-01-19,SPX,-42883285559,"$-42,883,285,559.60",https://gflows.up.railway.app
2026-01-19,SPX,-42875670872,"$-42,875,670,872.93",https://gflows.up.railway.app
2026-01-19,SPX,-45067987809,"$-45,067,987,809.28",https://gflows.up.railway.app
2026-01-19,SPX,-46221933127,"$-46,221,933,127.93",https://gflows.up.railway.app
2026-01-20,SPX,-42799615517,"$-42,799,615,517.38",https://gflows.up.railway.app
2026-01-20,SPX,-49164212414,"$-49,164,212,414.28",https://gflows.up.railway.app
2026-01-20,SPX,-49648007509,"$-49,648,007,509.90",https://gflows.up.railway.app
2026-01-20,SPX,-50056705708,"$-50,056,705,708.30",https://gflows.up.railway.app
2026-01-20,SPX,-19813904325,"$-19,813,904,325.17",https://gflows.up.railway.app
2026-01-20,SPX,-25469370538,"$-25,469,370,538.65",https://gflows.up.railway.app
2026-01-21,SPX,-36038738987,"$-36,038,738,987.69",https://gflows.up.railway.app
2026-01-21,SPX,-48260984289,"$-48,260,984,289.56",https://gflows.up.railway.app
2026-01-22,SPX,18522097752,"$18,522,097,752.85",https://gflows.up.railway.app
2026-01-22,SPX,59469228318,"$59,469,228,318.17",https://gflows.up.railway.app
2026-01-22,SPX,67364101482,"$67,364,101,482.90",https://gflows.up.railway.app
2026-01-22,SPX,65001764845,"$65,001,764,845.32",https://gflows.up.railway.app
2026-01-22,SPX,5300137634,"$5,300,137,634.90",https://gflows.up.railway.app
2026-01-22,SPX,-18389916409,"$-18,389,916,409.50",https://gflows.up.railway.app
2026-01-23,SPX,3911857719,"$3,911,857,719.60",https://gflows.up.railway.app
2026-01-23,SPX,3911857719,"$3,911,857,719.60",https://gflows.up.railway.app
2026-01-23,SPX,-12674016391,"$-12,674,016,391.40",https://gflows.up.railway.app
2026-01-23,SPX,-19489336700,"$-19,489,336,700.10",https://gflows.up.railway.app
2026-01-23,SPX,-3846748233,"$-3,846,748,233.31",https://gflows.up.railway.app
2026-01-23,SPX,-5911672353,"$-5,911,672,353.39",https://gflows.up.railway.app
2026-01-26,SPX,-11157554373,"$-11,157,554,373.04",https://gflows.up.railway.app
2026-01-26,SPX,-11157554373,"$-11,157,554,373.04",https://gflows.up.railway.app
2026-01-26,SPX,-7160969593,"$-7,160,969,593.03",https://gflows.up.railway.app
2026-01-26,SPX,6878209941,"$6,878,209,941.70",https://gflows.up.railway.app
2026-01-26,SPX,2846773705,"$2,846,773,705.39",https://gflows.up.railway.app
2026-01-26,SPX,49405058865,"$49,405,058,865.35",https://gflows.up.railway.app
2026-01-27,SPX,1601126142,"$1,601,126,142.81",https://gflows.up.railway.app
2026-01-27,SPX,31522930845,"$31,522,930,845.50",https://gflows.up.railway.app
2026-01-27,SPX,28990639933,"$28,990,639,933.45",https://gflows.up.railway.app
2026-01-27,SPX,28259895501,"$28,259,895,501.28",https://gflows.up.railway.app
2026-01-27,SPX,9661499164,"$9,661,499,164.42",https://gflows.up.railway.app
2026-01-27,SPX,66693165483,"$66,693,165,483.22",https://gflows.up.railway.app
2026-01-28,SPX,18769092041,"$18,769,092,041.83",https://gflows.up.railway.app
2026-01-28,SPX,36991370834,"$36,991,370,834.81",https://gflows.up.railway.app
2026-01-28,SPX,38366605181,"$38,366,605,181.64",https://gflows.up.railway.app
2026-01-28,SPX,36203298398,"$36,203,298,398.80",https://gflows.up.railway.app
2026-01-28,SPX,15818952080,"$15,818,952,080.50",https://gflows.up.railway.app
2026-01-28,SPX,23833301619,"$23,833,301,619.42",https://gflows.up.railway.app
2026-01-29,SPX,15250660069,"$15,250,660,069.06",https://gflows.up.railway.app
2026-01-29,SPX,28192161615,"$28,192,161,615.94",https://gflows.up.railway.app
2026-01-29,SPX,25883996428,"$25,883,996,428.92",https://gflows.up.railway.app
2026-01-29,SPX,20759881886,"$20,759,881,886.96",https://gflows.up.railway.app
2026-01-29,SPX,-16509355133,"$-16,509,355,133.18",https://gflows.up.railway.app
2026-01-29,SPX,-45709147711,"$-45,709,147,711.72",https://gflows.up.railway.app
2026-01-30,SPX,30362974091,"$30,362,974,091.07",https://gflows.up.railway.app
2026-01-30,SPX,1181530636,"$1,181,530,636.81",https://gflows.up.railway.app
2026-01-30,SPX,1641082227,"$1,641,082,227.65",https://gflows.up.railway.app
2026-01-30,SPX,8723728917,"$8,723,728,917.18",https://gflows.up.railway.app
2026-01-30,SPX,7069221111,"$7,069,221,111.63",https://gflows.up.railway.app
2026-01-30,SPX,-3433591738,"$-3,433,591,738.16",https://gflows.up.railway.app
2026-02-02,SPX,-3038697212,"$-3,038,697,212.25",https://gflows.up.railway.app
2026-02-02,SPX,-26522071566,"$-26,522,071,566.29",https://gflows.up.railway.app
2026-02-02,SPX,-20867242722,"$-20,867,242,722.73",https://gflows.up.railway.app
2026-02-02,SPX,0,$0.00,https://gflows.up.railway.app
2026-02-02,SPX,9853923453,"$9,853,923,453.10",https://gflows.up.railway.app
2026-02-02,SPX,14845793731,"$14,845,793,731.69",https://gflows.up.railway.app
2026-02-03,SPX,24518120236,"$24,518,120,236.09",https://gflows.up.railway.app
2026-02-03,SPX,48261164223,"$48,261,164,223.92",https://gflows.up.railway.app
2026-02-03,SPX,40473377929,"$40,473,377,929.47",https://gflows.up.railway.app
2026-02-03,SPX,40473377929,"$40,473,377,929.47",https://gflows.up.railway.app
2026-02-03,SPX,4152247711,"$4,152,247,711.01",https://gflows.up.railway.app
2026-02-03,SPX,-82801420559,"$-82,801,420,559.74",https://gflows.up.railway.app
2026-02-04,SPX,-19707465992,"$-19,707,465,992.96",https://gflows.up.railway.app
2026-02-04,SPX,-3728535483,"$-3,728,535,483.06",https://gflows.up.railway.app
2026-02-04,SPX,-12644930258,"$-12,644,930,258.27",https://gflows.up.railway.app
2026-02-04,SPX,-16899485598,"$-16,899,485,598.10",https://gflows.up.railway.app
2026-02-04,SPX,-1457918207,"$-1,457,918,207.91",https://gflows.up.railway.app
2026-02-04,SPX,-28135221023,"$-28,135,221,023.70",https://gflows.up.railway.app
2026-02-05,SPX,-7855818640,"$-7,855,818,640.69",https://gflows.up.railway.app
2026-02-05,SPX,-40621298419,"$-40,621,298,419.88",https://gflows.up.railway.app
2026-02-05,SPX,-45237958726,"$-45,237,958,726.44",https://gflows.up.railway.app
2026-02-05,SPX,-45237958726,"$-45,237,958,726.44",https://gflows.up.railway.app
2026-02-05,SPX,-17187836456,"$-17,187,836,456.51",https://gflows.up.railway.app
2026-02-05,SPX,-30724372241,"$-30,724,372,241.98",https://gflows.up.railway.app
2026-02-06,SPX,-48285019266,"$-48,285,019,266.67",https://gflows.up.railway.app
2026-02-06,SPX,-25719078546,"$-25,719,078,546.21",https://gflows.up.railway.app
2026-02-06,SPX,-25961502464,"$-25,961,502,464.96",https://gflows.up.railway.app
2026-02-06,SPX,-25325955430,"$-25,325,955,430.21",https://gflows.up.railway.app
2026-02-06,SPX,-6595565482,"$-6,595,565,482.62",https://gflows.up.railway.app
2026-02-06,SPX,-3807444786,"$-3,807,444,786.33",https://gflows.up.railway.app
2026-02-09,SPX,16504981126,"$16,504,981,126.64",https://gflows.up.railway.app
